Post ID,Title,Url,Author,Score,Publish Date,Total No. of Comments,Permalink,Flair
k5wo8t,Trump administration to label China greatest threat to national security: report,https://thehill.com/policy/international/china/528520-trump-administration-to-label-china-greatest-threat-to-national,[deleted],1,2020-12-03 06:54:06,0,/r/politics/comments/k5wo8t/trump_administration_to_label_china_greatest/,New User Restricted Domains List
k5wspz,Donald Trump is acting like a spoiled toddler — America must give him a permanent timeout,https://www.salon.com/2020/12/03/donald-trump-is-acting-like-a-spoiled-toddler--america-must-give-him-a-permanent-timeout/,Facerealityalready,1,2020-12-03 07:02:18,41,/r/politics/comments/k5wspz/donald_trump_is_acting_like_a_spoiled_toddler/,NaN
k5wss5,Why Prosecuting Trump Is a Very Bad Idea,https://www.nytimes.com/2020/12/03/opinion/trump-prosecution.html,spindoc,1,2020-12-03 07:02:24,12,/r/politics/comments/k5wss5/why_prosecuting_trump_is_a_very_bad_idea/,NaN
k5wvpk,"Trump campaign’s star witness in Michigan was deemed ‘not credible.’ Then, her loud testimony went viral.",https://www.washingtonpost.com/nation/2020/12/03/melissa-carone-michigan-trump-giuliani-election/,throwaway5272,1,2020-12-03 07:07:37,915,/r/politics/comments/k5wvpk/trump_campaigns_star_witness_in_michigan_was/,NaN
k5wwjp,Pro-Trump attorneys tell Georgians not to vote in runoff until votes are 'secure',https://thehill.com/homenews/campaign/528508-pro-trump-attorneys-tell-georgians-not-to-vote-in-runoff-until-votes-are,WildAnimus,2,2020-12-03 07:09:06,6,/r/politics/comments/k5wwjp/protrump_attorneys_tell_georgians_not_to_vote_in/,NaN
k5wx8l,"The obvious (and less obvious) problems with Trump's epic rant: Trump has an actual job to do, but the post-policy president has abandoned it, instead investing his efforts into ridiculous 46-minute Facebook videos.",https://www.msnbc.com/rachel-maddow-show/obvious-less-obvious-problems-trump-s-epic-rant-n1249821,Pomp_N_Circumstance,1,2020-12-03 07:10:21,4,/r/politics/comments/k5wx8l/the_obvious_and_less_obvious_problems_with_trumps/,NaN
k5wy0m,Trump campaign lawyer resigns from Gridiron Club after saying Krebs should be shot,https://thehill.com/homenews/media/528522-trump-campaign-lawyer-resigns-from-gridiron-club-after-saying-krebs-should-be,Colliano,1,2020-12-03 07:11:52,31,/r/politics/comments/k5wy0m/trump_campaign_lawyer_resigns_from_gridiron_club/,NaN
k5wyzb,"Trump campaign’s star witness in Michigan was deemed ‘not credible.’ Then, her loud testimony went viral.",https://www.washingtonpost.com/nation/2020/12/03/melissa-carone-michigan-trump-giuliani-election/,_blackwholeson,1,2020-12-03 07:13:37,11,/r/politics/comments/k5wyzb/trump_campaigns_star_witness_in_michigan_was/,NaN
k5x2nt,How Trump could be trying to manipulate pardons to obstruct justice: Trump’s supposed pardon plans aren’t about righting injustices — they’re about obstructing it.,https://www.msnbc.com/opinion/how-trump-could-be-trying-manipulate-pardons-obstruct-justice-n1249786,Pomp_N_Circumstance,1,2020-12-03 07:20:38,10,/r/politics/comments/k5x2nt/how_trump_could_be_trying_to_manipulate_pardons/,NaN
k5x2yb,Ivanka Trump deposed in ongoing lawsuit alleging misused inaugural funds,https://www.cbsnews.com/news/ivanka-trump-deposed-inauguration-lawsuit-funds/,Juliemylove,2,2020-12-03 07:21:11,15,/r/politics/comments/k5x2yb/ivanka_trump_deposed_in_ongoing_lawsuit_alleging/,NaN
k5x51c,Lawyers say Trump administration has handed over new data that will help reunite separated migrant families,https://www.nbcnews.com/politics/immigration/lawyers-say-trump-admin-has-handed-over-data-will-help-n1249782,nilnz,1,2020-12-03 07:25:05,4,/r/politics/comments/k5x51c/lawyers_say_trump_administration_has_handed_over/,NaN
k5xa6g,Trump witness at Rudy’s Michigan hearing demands photo ID because ‘all Chinese look alike’,https://www.rawstory.com/2020/12/trump-witness-at-rudys-michigan-hearing-demands-photo-id-because-all-chinese-look-alike/,supes1,1,2020-12-03 07:34:36,1,/r/politics/comments/k5xa6g/trump_witness_at_rudys_michigan_hearing_demands/,Rehosted Content
k5xbiz,Roger Stone Says North Korean Boats Delivered Ballots Through Maine Harbor As Trump Boosts Fraud Claims,https://www.newsweek.com/roger-stone-says-north-korean-boats-delivered-ballots-through-maine-harbor-trump-boosts-fraud-1551937,gggg_man3,1,2020-12-03 07:36:56,15,/r/politics/comments/k5xbiz/roger_stone_says_north_korean_boats_delivered/,NaN
k5xbzn,Trump roils Georgia GOP as party waits to see if presidential visit helps — or hurts — in crucial Senate runoffs,https://www.washingtonpost.com/politics/trump-georgia-senate-run-offs/2020/12/03/e777c11e-34bd-11eb-afe6-e4dbee9689f8_story.html,LionRiderr,1,2020-12-03 07:37:44,6,/r/politics/comments/k5xbzn/trump_roils_georgia_gop_as_party_waits_to_see_if/,NaN
k5xdf0,Why Trump is threatening to veto this military bill,https://www.cnn.com/videos/politics/2020/12/03/trump-military-pay-national-defense-avlon-reality-check-newday-vpx.cnn,LionRiderr,1,2020-12-03 07:40:13,9,/r/politics/comments/k5xdf0/why_trump_is_threatening_to_veto_this_military/,NaN
k5xdg9,"Trump to restart foreign deals, breaking a post-presidency norm",https://www.politico.com/amp/news/2020/12/01/trump-foreign-real-estate-441928?__twitter_impression=true,TeamNameRejected,1,2020-12-03 07:40:17,3,/r/politics/comments/k5xdg9/trump_to_restart_foreign_deals_breaking_a/,NaN
k5xgq9,Ex-Presidents fill leadership vacuum as Trump ignores worsening pandemic,https://www.cnn.com/2020/12/03/politics/trump-coronavirus-vaccine/index.html,LittlePlasticCastle,1,2020-12-03 07:45:55,5,/r/politics/comments/k5xgq9/expresidents_fill_leadership_vacuum_as_trump/,NaN
k5xhe9,Trump expected to flex pardon powers on way out door,https://wtop.com/white-house/2020/12/trump-expected-to-flex-pardon-powers-on-way-out-door/,LionRiderr,1,2020-12-03 07:47:08,27,/r/politics/comments/k5xhe9/trump_expected_to_flex_pardon_powers_on_way_out/,NaN
k5xkkg,Roger Stone says North Korean boats delivered ballots through Maine harbor as Trump boosts fraud claims,https://www.newsweek.com/roger-stone-says-north-korean-boats-delivered-ballots-through-maine-harbor-trump-boosts-fraud-1551937,skl692,1,2020-12-03 07:52:36,23,/r/politics/comments/k5xkkg/roger_stone_says_north_korean_boats_delivered/,NaN
k5xmoz,"In Georgia, some Trump supporters turn to Parler, a platform for a parallel universe",https://www.cnn.com/2020/12/03/tech/parler-trump-supporters/index.html,deestroyed,1,2020-12-03 07:56:15,41,/r/politics/comments/k5xmoz/in_georgia_some_trump_supporters_turn_to_parler_a/,NaN
k5xvb9,"Ivanka Trump gave a deposition in a lawsuit accusing the Trump Organization of misusing the president's inauguration funds, and Melania's ex-friend is next",https://www.businessinsider.com/ivanka-trump-deposed-inauguration-spending-lawsuit-dc-attorney-general-trump-organization2020-12,BumblesAZ,1,2020-12-03 08:10:33,11,/r/politics/comments/k5xvb9/ivanka_trump_gave_a_deposition_in_a_lawsuit/,NaN
k5xvup,"Trump’s Shameful Legacy - As the Trump presidency sputters to a conclusion, America must prioritize restoring the rule of law and strengthening democracy",https://www.brennancenter.org/our-work/analysis-opinion/trumps-shameful-legacy,News2016,1,2020-12-03 08:11:26,3,/r/politics/comments/k5xvup/trumps_shameful_legacy_as_the_trump_presidency/,NaN
k5xzv2,Ivanka Trump deposed as part of inauguration fund lawsuit,https://www.pbs.org/newshour/politics/ivanka-trump-deposed-as-part-of-inauguration-fund-lawsuit,deestroyed,1,2020-12-03 08:18:00,11,/r/politics/comments/k5xzv2/ivanka_trump_deposed_as_part_of_inauguration_fund/,NaN
k5xzzz,Arizona Gov Confirms Trump Was On The Line When He Ignored Phone Call,https://www.huffpost.com/entry/doug-ducey-confirms-donald-trump-phone-call_n_5fc8d6c3c5b602f567995b0b,LittlePlasticCastle,1,2020-12-03 08:18:14,162,/r/politics/comments/k5xzzz/arizona_gov_confirms_trump_was_on_the_line_when/,NaN
k5y0n1,"After Michael Flynn’s Pardon, Trump Officials Grilled on Pursuit of Turkish-Born Cleric",https://lawandcrime.com/high-profile/after-michael-flynns-pardon-trump-officials-grilled-on-pursuit-of-turkish-born-cleric/,Sachyriel,1,2020-12-03 08:19:18,8,/r/politics/comments/k5y0n1/after_michael_flynns_pardon_trump_officials/,NaN
k5y35t,"Trump campaign’s star witness in Michigan was deemed ‘not credible.’ Then, her loud testimony went viral.",https://www.washingtonpost.com/nation/2020/12/03/melissa-carone-michigan-trump-giuliani-election,_MentosTheFreshmaker,1,2020-12-03 08:23:24,4,/r/politics/comments/k5y35t/trump_campaigns_star_witness_in_michigan_was/,NaN
k5y4ae,So much for Foxconn and their empty promises backed by President* Trump,https://www.startribune.com/foxconn-not-expect-to-meet-hiring-goals-in-next-3-years/573275351/,dheig8,1,2020-12-03 08:25:09,5,/r/politics/comments/k5y4ae/so_much_for_foxconn_and_their_empty_promises/,NaN
k5y583,Graham Implores Trump Legal Team To Do A Better Job Proving Bogus Election Fraud Claims,https://talkingpointsmemo.com/news/graham-implores-trump-legal-team-to-do-a-better-job-proving-bogus-election-fraud-claims,2_Sheds_Jackson,1,2020-12-03 08:26:40,43,/r/politics/comments/k5y583/graham_implores_trump_legal_team_to_do_a_better/,NaN
k5y7kz,"Biden, Harris to receive daily briefing, Trump to hold award ceremony, bill signing",https://www.nbcnews.com/politics/white-house/biden-harris-receive-daily-briefing-trump-hold-award-ceremony-bill-n1249818,big_pope_damon,1,2020-12-03 08:30:19,8,/r/politics/comments/k5y7kz/biden_harris_to_receive_daily_briefing_trump_to/,NaN
k5yaiu,"Trump campaign’s star witness in Michigan was deemed ‘not credible.’ Then, her loud testimony went viral.",https://www.washingtonpost.com/nation/2020/12/03/melissa-carone-michigan-trump-giuliani-election/,Baarney23,1,2020-12-03 08:35:03,6,/r/politics/comments/k5yaiu/trump_campaigns_star_witness_in_michigan_was/,NaN
k5yb93,‘It’s Looney Tunes’: Georgia Election Official Slams Pro-Trump Lawyers Encouraging Republicans Not To Vote In Runoff,https://www.forbes.com/sites/jackbrewster/2020/12/03/its-looney-tunes-georgia-election-official-slams-pro-trump-lawyers-encouraging-republicans-not-to-vote-in-runoff/?sh=4507df3dc310,wonderingsocrates,1,2020-12-03 08:36:12,1,/r/politics/comments/k5yb93/its_looney_tunes_georgia_election_official_slams/,Blogging Platform
k5ybq2,Michael Flynn calls for Trump to suspend the constitution and declare martial law to re-run election,https://www.independent.co.uk/news/world/americas/us-election-2020/michael-flynn-suspend-constitution-martial-law-trump-reelection-b1765467.html,Merkava3,1,2020-12-03 08:36:54,8,/r/politics/comments/k5ybq2/michael_flynn_calls_for_trump_to_suspend_the/,NaN
k5yh4m,Trump Keeps Hammering China Just Weeks Before Biden Takes Over,https://finance.yahoo.com/news/u-curbs-visas-millions-chinese-083520361.html,JHopeHoe,1,2020-12-03 08:45:11,4,/r/politics/comments/k5yh4m/trump_keeps_hammering_china_just_weeks_before/,NaN
k5yhks,‘It’s Looney Tunes’: Georgia Election Official Slams Pro-Trump Lawyers Encouraging Republicans To Boycott Runoff,https://www.forbes.com/sites/jackbrewster/2020/12/03/its-looney-tunes-georgia-election-official-slams-pro-trump-lawyers-encouraging-republicans-not-to-vote-in-runoff/?sh=7cfc7a4bc310,Archer1407,1,2020-12-03 08:45:53,2,/r/politics/comments/k5yhks/its_looney_tunes_georgia_election_official_slams/,Blogging Platform
k5yrf4,Mike Pence Backs Away From the Trump Election ‘Fraud’ Train Wreck,https://www.thedailybeast.com/mike-pence-backs-away-from-the-trump-election-fraud-train-wreck?ref=home,Ixz72,1,2020-12-03 09:01:06,4,/r/politics/comments/k5yrf4/mike_pence_backs_away_from_the_trump_election/,NaN
k5z0os,"Trump Hints at Another Act in Four Years, Just Like Grover Cleveland",https://www.nytimes.com/2020/12/02/us/politics/trump-2024.html?action=click&amp;module=Top%20Stories&amp;pgtype=Homepage,Ixz72,1,2020-12-03 09:15:11,7,/r/politics/comments/k5z0os/trump_hints_at_another_act_in_four_years_just/,NaN
k5z21h,"‘This has to stop’: U.S. election officials condemn Trump, allies as threats increase",https://globalnews.ca/news/7496235/us-election-officials-threats-violence/,hugglenugget,1,2020-12-03 09:17:10,23,/r/politics/comments/k5z21h/this_has_to_stop_us_election_officials_condemn/,NaN
k5z3ht,"Trump considering preemptive pardons for his children, report says",https://www.independent.co.uk/news/world/americas/us-election-2020/trump-pardon-children-eric-ivana-rudy-giuliani-b1765006.html,2PLooM,1,2020-12-03 09:19:28,43,/r/politics/comments/k5z3ht/trump_considering_preemptive_pardons_for_his/,NaN
k5ze9m,Ivanka Trump deposed in ongoing lawsuit alleging misused inaugural funds,https://www.cbsnews.com/news/ivanka-trump-deposed-inauguration-lawsuit-funds/,Fitness_and_Finance,1,2020-12-03 09:35:03,7,/r/politics/comments/k5ze9m/ivanka_trump_deposed_in_ongoing_lawsuit_alleging/,NaN
k5zf23,Trump Administration Rushes Ahead To Sell Drilling Rights In Arctic Wildlife Refuge,https://www.npr.org/2020/12/03/942052004/trump-administration-sets-last-minute-oil-lease-sale-for-arctic-wildlife-refuge,ordinaryarchitect,1,2020-12-03 09:36:10,13,/r/politics/comments/k5zf23/trump_administration_rushes_ahead_to_sell/,NaN
k5zgav,Trump Administration Rushes Ahead To Sell Drilling Rights In Arctic Wildlife Refuge,https://www.npr.org/2020/12/03/942052004/trump-administration-sets-last-minute-oil-lease-sale-for-arctic-wildlife-refuge?sc=18&amp;f=942052004,NonsensicalNiftiness,1,2020-12-03 09:37:56,7,/r/politics/comments/k5zgav/trump_administration_rushes_ahead_to_sell/,NaN
k5zhh2,What are the chances of Trump ending up in an orange jumpsuit?,https://www.theglobeandmail.com/opinion/article-what-are-the-chances-of-trump-ending-up-in-an-orange-jumpsuit/,EarthWarping,1,2020-12-03 09:39:37,76,/r/politics/comments/k5zhh2/what_are_the_chances_of_trump_ending_up_in_an/,NaN
k5zifz,Trump campaign's star voter fraud witness is like a bad SNL skit,https://www.youtube.com/watch?v=DdFQIGUg_Qc,nirad,1,2020-12-03 09:40:55,2,/r/politics/comments/k5zifz/trump_campaigns_star_voter_fraud_witness_is_like/,Non-approved Youtube Channel
k5zj2a,Trump Administration Rushes To Sell Oil Drilling Rights In Arctic Wildlife Refuge,https://www.npr.org/2020/12/03/942052004/trump-administration-sets-last-minute-oil-lease-sale-for-arctic-wildlife-refuge,lintrone,1,2020-12-03 09:41:43,4,/r/politics/comments/k5zj2a/trump_administration_rushes_to_sell_oil_drilling/,NaN
k5zl0r,"Trump Lawyers Claim Widespread Election Fraud In Nevada, And They’re About To Have Their Day In Court-the media have scoffed at what they say are 'baseless' claims of election fraud, but in Nevada we’re about to hear evidence in a court of law—finally.",https://thefederalist.com/2020/12/03/trump-lawyers-claim-widespread-election-fraud-in-nevada-and-theyre-about-to-have-their-day-in-court/,haddiegill,1,2020-12-03 09:44:24,37,/r/politics/comments/k5zl0r/trump_lawyers_claim_widespread_election_fraud_in/,NaN
k5zlth,Rudy Giuliani denies seeking pardon from Trump before he leaves White House,https://www.newsweek.com/rudy-giuliani-denies-seeking-pardon-donald-trump-1552109,BelleAriel,1,2020-12-03 09:45:34,18,/r/politics/comments/k5zlth/rudy_giuliani_denies_seeking_pardon_from_trump/,NaN
k5zmyj,Trump Administration Rushes To Sell Oil Drilling Rights In Arctic Wildlife Refuge,https://www.aspenpublicradio.org/post/trump-administration-rushes-ahead-sell-drilling-rights-arctic-wildlife-refuge,Archer1407,1,2020-12-03 09:47:16,7,/r/politics/comments/k5zmyj/trump_administration_rushes_to_sell_oil_drilling/,NaN
k5zpyu,Trump admin to sell oil leases at Arctic wildlife refuge before Biden takes office,https://thehill.com/policy/energy-environment/528550-trump-admin-to-sell-oil-leases-at-arctic-wildlife-refuge-before,xRipleyx,1,2020-12-03 09:51:34,8,/r/politics/comments/k5zpyu/trump_admin_to_sell_oil_leases_at_arctic_wildlife/,NaN
k5zsxg,Trump tweets another ridiculous thing,https://www.reddit.com/r/politics/comments/k5zsxg/trump_tweets_another_ridiculous_thing/,ogwhew,1,2020-12-03 09:55:50,2,/r/politics/comments/k5zsxg/trump_tweets_another_ridiculous_thing/,No user polls
k5zwfv,Roger Stone says North Korean boats delivered ballots through Maine harbor as Trump boosts fraud claims.,https://www.newsweek.com/roger-stone-says-north-korean-boats-delivered-ballots-through-maine-harbor-trump-boosts-fraud-1551937?utm_term=Autofeed&amp;utm_medium=Social&amp;utm_source=Twitter#Echobox=1606952390,whenyoucantthinkof,1,2020-12-03 10:00:57,3,/r/politics/comments/k5zwfv/roger_stone_says_north_korean_boats_delivered/,NaN
k5zyn9,He works in a Covid-19 unit in a parking garage. Trump called it fake,https://www.cnn.com/videos/politics/2020/12/03/nevada-dr-larry-keeperman-coronavirus-parking-garage-unit-trump-ebof-sot-vpx.cnn,handlessuck,1,2020-12-03 10:04:02,15,/r/politics/comments/k5zyn9/he_works_in_a_covid19_unit_in_a_parking_garage/,NaN
k601ly,Trump admin to sell oil leases at Arctic wildlife refuge before Biden takes office,https://thehill.com/policy/energy-environment/528550-trump-admin-to-sell-oil-leases-at-arctic-wildlife-refuge-before,pch14,1,2020-12-03 10:08:06,3,/r/politics/comments/k601ly/trump_admin_to_sell_oil_leases_at_arctic_wildlife/,NaN
k603wy,Ivanka Trump slams lawsuit as example of 'vindictiveness &amp; waste of taxpayer dollars',https://thehill.com/homenews/administration/528558-ivanka-trump-confirms-she-was-deposed-in-dc-investigation-into,pch14,1,2020-12-03 10:11:25,54,/r/politics/comments/k603wy/ivanka_trump_slams_lawsuit_as_example_of/,NaN
k606vv,"Trump campaign’s star witness in Michigan was deemed ‘not credible.’ Then, her loud testimony went viral.",https://www.washingtonpost.com/nation/2020/12/03/melissa-carone-michigan-trump-giuliani-election/,Da_Fish,1,2020-12-03 10:15:33,12,/r/politics/comments/k606vv/trump_campaigns_star_witness_in_michigan_was/,NaN
k607d0,46 minutes that prove how dangerous Donald Trump is to democracy,https://www.cnn.com/2020/12/03/politics/donald-trump-speech-46-minutes-election-fraud/index.html,LionRiderr,1,2020-12-03 10:16:12,19,/r/politics/comments/k607d0/46_minutes_that_prove_how_dangerous_donald_trump/,NaN
k608w4,"Trump backers, including Flynn, edge toward a call to 'suspend' Constitution to head off Biden taking office",https://news.yahoo.com/trump-backers-including-flynn-edge-toward-a-call-to-suspend-constitution-to-head-off-biden-taking-office-015446889.html,Da_Fish,1,2020-12-03 10:18:21,7,/r/politics/comments/k608w4/trump_backers_including_flynn_edge_toward_a_call/,NaN
k609dp,Trump reportedly derailed a GOP meeting about the Georgia Senate runoffs by praising QAnon,https://www.theweek.com/speedreads/953092/trump-reportedly-derailed-gop-meeting-about-georgia-senate-runoffs-by-praising-qanon,raw65,1,2020-12-03 10:19:03,133,/r/politics/comments/k609dp/trump_reportedly_derailed_a_gop_meeting_about_the/,NaN
k60a1t,"Trump and Bill Clinton pardon scandals should help Biden fix a flawed process - Biden can help restore the clemency review process to its former role as a normal, routine apparatus for granting presidential mercy to federal offenders.",https://www.nbcnews.com/think/opinion/trump-bill-clinton-pardon-scandals-should-help-biden-fix-flawed-ncna1249785,im-the-stig,1,2020-12-03 10:19:57,23,/r/politics/comments/k60a1t/trump_and_bill_clinton_pardon_scandals_should/,NaN
k60djc,Someone made a web page dedicated to if Trump has proven Voter fraud,http://hastrumpprovenvoterfraud.com,shooshmashta,1,2020-12-03 10:24:33,2,/r/politics/comments/k60djc/someone_made_a_web_page_dedicated_to_if_trump_has/,Non-approved domain
k60fqv,Trump Hints at 2024 Run: ‘I’ll See You in Four Years’,https://www.nationalreview.com/news/trump-hints-at-2024-run-ill-see-you-in-four-years/,_Wicked_Pissah_,1,2020-12-03 10:27:40,32,/r/politics/comments/k60fqv/trump_hints_at_2024_run_ill_see_you_in_four_years/,NaN
k60kry,Trump reportedly derailed a GOP meeting about the Georgia Senate runoffs by praising QAnon,https://theweek.com/speedreads/953092/trump-reportedly-derailed-gop-meeting-about-georgia-senate-runoffs-by-praising-qanon,Pomp_N_Circumstance,1,2020-12-03 10:34:23,9,/r/politics/comments/k60kry/trump_reportedly_derailed_a_gop_meeting_about_the/,NaN
k60srf,Trump administration changes citizenship test to a more conservative angle; includes questions about communism and America's role in Vietnam.,https://www.nytimes.com/2020/12/03/us/citizenship-test.html?campaign_id=9&amp;emc=edit_nn_20201203&amp;instance_id=24666&amp;nl=the-morning&amp;regi_id=92910075&amp;segment_id=45957&amp;te=1&amp;user_id=c3e527ada4512bbb12d454618b92f32e,john_was_here,1,2020-12-03 10:44:58,20,/r/politics/comments/k60srf/trump_administration_changes_citizenship_test_to/,NaN
k60wq4,A Sketchy Trump Appointee At Census Is Involved In Wacky GA Election Lawsuit,https://talkingpointsmemo.com/news/census-ben-overholt-georgia-lawsuit,QueeLinx,1,2020-12-03 10:50:14,2,/r/politics/comments/k60wq4/a_sketchy_trump_appointee_at_census_is_involved/,NaN
k6115z,A Open Letter to My Trump Supporter Friends: Trump lost and it was pretty predictable he would in retrospect,https://stribs.medium.com/a-open-letter-to-my-trump-supporter-friends-76d1e9f9e551,stribs,1,2020-12-03 10:56:19,2,/r/politics/comments/k6115z/a_open_letter_to_my_trump_supporter_friends_trump/,Blogging Platform
k611os,"Trump privately praised far-right QAnon movement for believing ‘in good government’, report says",https://www.independent.co.uk/news/world/americas/us-politics/trump-qanon-mitch-mcconnell-election-b1765837.html,theindependentonline,1,2020-12-03 10:57:02,4,/r/politics/comments/k611os/trump_privately_praised_farright_qanon_movement/,NaN
