subreddit,submission_amount
AskReddit,46054
funny,16955
pics,12753
gaming,10372
trees,9409
leagueoflegends,9402
politics,9210
AdviceAnimals,7782
Guildwars2,7295
WTF,7114
atheism,6206
buildapc,5719
fantasyfootball,5347
Minecraft,4996
fffffffuuuuuuuuuuuu,4855
todayilearned,4207
aww,4031
videos,3809
pokemon,3024
starcraft,3022
Borderlands,2886
askscience,2833
mylittlepony,2814
techsupport,2656
nfl,2634
DotA2,2584
Android,2517
IAmA,2474
movies,2454
wow,2454
malefashionadvice,2375
Dota2Trade,2337
doctorwho,2259
tf2trade,2141
CFB,2140
dayz,2116
Diablo,2109
explainlikeimfive,2108
magicTCG,2092
worldnews,2071
guns,2000
tf2,1990
battlefield3,1984
Music,1971
tipofmytongue,1957
breakingbad,1952
keto,1919
motorcycles,1897
skyrim,1858
gifs,1850
BabyBumps,1806
iphone,1779
Fitness,1758
bicycling,1725
NoFap,1703
sex,1691
technology,1622
MLPLounge,1614
darksouls,1612
cars,1611
soccer,1574
apple,1554
TwoXChromosomes,1502
Borderlands2,1488
RedditLaqueristas,1482
Random_Acts_Of_Amazon,1423
relationships,1404
Games,1369
conspiracy,1328
SteamGameSwap,1304
Guitar,1254
Drugs,1251
Conservative,1231
SquaredCircle,1218
facepalm,1202
news,1200
longboarding,1147
hockey,1141
electronic_cigarette,1131
nba,1122
anime,1105
loseit,1085
Torchlight,1076
mildlyinteresting,1065
HITsWorthTurkingFor,1061
Planetside,1041
KerbalSpaceProgram,1039
AskWomen,1037
MensRights,1030
LifeProTips,1022
Homebrewing,1018
PoliticalDiscussion,1013
science,1009